{"cameraMode":{"drawMode":0,"name":"Shaded","section":"Shading Mode"},"sceneLighting":false,"audioPlay":false,"sceneViewState":{"showFog":true,"showMaterialUpdate":false,"showSkybox":true,"showFlares":true,"showImageEffects":true,"showParticleSystems":true},"in2DMode":false,"pivot":{"x":1.235182762145996,"y":10.11790657043457,"z":-2.395503044128418},"rotation":{"x":-0.20812325179576875,"y":0.6634711623191834,"z":-0.20003946125507356,"w":-0.6902716755867004},"size":18.304454803466798,"orthographic":false}