{"cameraMode":{"drawMode":0,"name":"Shaded","section":"Shading Mode"},"sceneLighting":false,"audioPlay":false,"sceneViewState":{"showFog":true,"showMaterialUpdate":false,"showSkybox":true,"showFlares":true,"showImageEffects":true,"showParticleSystems":true},"in2DMode":false,"pivot":{"x":-0.44973140954971316,"y":-0.02275407314300537,"z":-0.0567704439163208},"rotation":{"x":-0.3151486814022064,"y":0.5748978853225708,"z":-0.2548981010913849,"w":-0.7107747197151184},"size":4.961466312408447,"orthographic":false}