{"cameraMode":{"drawMode":0,"name":"Shaded","section":"Shading Mode"},"sceneLighting":false,"audioPlay":false,"sceneViewState":{"showFog":true,"showMaterialUpdate":false,"showSkybox":true,"showFlares":true,"showImageEffects":true,"showParticleSystems":true},"in2DMode":false,"pivot":{"x":93.17721557617188,"y":51.834510803222659,"z":35.285545349121097},"rotation":{"x":-0.33583468198776247,"y":0.342095285654068,"z":-0.13242316246032716,"w":-0.8675540685653687},"size":18.25874137878418,"orthographic":false}